{"cameraMode":{"drawMode":0,"name":"Shaded","section":"Shading Mode"},"sceneLighting":true,"audioPlay":false,"sceneViewState":{"m_AlwaysRefresh":false,"showFog":true,"showSkybox":true,"showFlares":true,"showImageEffects":true,"showParticleSystems":true,"showVisualEffectGraphs":true,"m_FxEnabled":true},"in2DMode":false,"pivot":{"x":-0.05520152673125267,"y":1.5143760442733765,"z":-0.1075742244720459},"rotation":{"x":-0.0016166637651622296,"y":0.9962647557258606,"z":-0.08419426530599594,"w":-0.019129803404211999},"size":0.3693174719810486,"orthographic":false}